best_programs,time_used,gen_counts
(((((761.43 * ((x1 ** 0.3) * (x2 ** 0.1))) + (0.0003 * x2)) + (0.0012 * x1)) - (0.0029 * y1)) + 0),0.42856812477111816,25
(((((0.046 * ((x1 ** 0.2) * (x2 ** 0.1))) + (0.0014 * x2)) + (0.006 * x1)) - (0.0082 * y1)) + 0.0),0.3690023422241211,25
(((((0.0007 * ((x1 ** 0.3) * (x2 ** 0.2))) + (0.0007 * x2)) + (0.3552 * x1)) - (0.0057 * y1)) + 0.0001),0.389967679977417,25
(((((50.246 * ((x1 ** 0.1) * (x2 ** 0.5))) + (0.0014 * x2)) + (0.0029 * x1)) - (0.0222 * y1)) + 0.0022),0.3969094753265381,25
(((((0.002 * ((x1 ** 0.8) * (x2 ** 0.1))) + (0.0008 * x2)) + (0.0017 * x1)) - (0.0029 * y1)) - 0.0635),0.36904311180114746,25
