,coe_x1x2,alpha,beta,coe_x2,coe_x1,coe_y1,coe_b
count,2.0,2.0,2.0,2.0,2.0,2.0,2.0
mean,0.3369,0.2,0.25,0.22255,0.0256,-0.0492,0.0069
std,0.4758828637385465,0.1414213562373095,0.21213203435596428,0.2980455082701298,0.036203867196751234,0.0565685424949238,0.007778174593052022
min,0.0004,0.1,0.1,0.0118,0.0,-0.0892,0.0014
25%,0.16865,0.15000000000000002,0.17500000000000002,0.117175,0.0128,-0.0692,0.00415
50%,0.3369,0.2,0.25,0.22255,0.0256,-0.0492,0.0069
75%,0.50515,0.24999999999999997,0.32500000000000007,0.327925,0.038400000000000004,-0.0292,0.009649999999999999
max,0.6734,0.3,0.4,0.4333,0.0512,-0.0092,0.0124
true_parameter,1.0845,0.3,0.4,0.0,0.0,-1.0,0.0
