,coe_x1x2,alpha,beta,coe_x2,coe_x1,coe_y1,coe_b
count,5.0,5.0,5.0,5.0,5.0,5.0,5.0
mean,191.90308,0.4800000000000001,0.22000000000000003,0.026740000000000003,0.00946,-0.12882,-0.0279
std,429.07736263500544,0.27748873851023215,0.17888543819998315,0.03739803470772228,0.0200538774305619,0.2730540367766058,0.03881674896227143
min,0.0004,0.2,0.1,0.0,0.0,-0.6172,-0.0864
25%,0.001,0.3,0.1,0.0011,0.0,-0.0139,-0.0494
50%,0.0246,0.4,0.1,0.0073,0.0,-0.0071,-0.0037
75%,0.0294,0.6,0.3,0.0375,0.002,-0.0052,0.0
max,959.46,0.9,0.5,0.0878,0.0453,-0.0007,0.0
true_parameter,1.0845,0.3,0.4,0.0,0.0,-1.0,0.0
