,coe_x1x2,alpha,beta,coe_x2,coe_x1,coe_y1,coe_b
count,10.0,10.0,10.0,10.0,10.0,10.0,10.0
mean,164.15,0.4699999999999999,0.29,-34.73,3.55,-277.59749999999997,-53.16999999999998
std,453.3100887116652,0.21108186931983416,0.08755950357709133,381.8837564553439,383.11553939742225,387.4852324157371,392.15838580292467
min,-572.95,0.1,0.2,-725.475,-516.725,-796.125,-591.175
25%,-95.7375,0.5,0.2,-259.2875,-276.85,-479.81875,-427.0875
50%,177.375,0.5,0.3,-73.6375,-91.725,-342.275,-50.4125
75%,508.23124999999993,0.575,0.37500000000000006,203.01875,322.91875,-98.975,300.52500000000003
max,751.025,0.7,0.4,558.1,524.95,370.4,465.975
true_parameter,1.0845,0.3,0.4,0.0,0.0,-1.0,0.0
