,coe_x1x2,alpha,beta,coe_x2,coe_x1,coe_y1,coe_b
count,10.0,10.0,10.0,10.0,10.0,10.0,10.0
mean,1.0939999999999999,0.33,0.35,1.0509999999999997,0.9030999999999999,-157.6897,0.08680000000000002
std,4.1714590306563535,0.21108186931983416,0.21730674684008827,6.943187052387718,1.8268863888533895,499.76646196244064,0.45164017142460267
min,-1.29,0.1,0.1,-9.7,-0.007,-1580.0,-0.825
25%,-0.0045,0.2,0.2,-0.00375,0.001,-0.02025,-0.0005
50%,0.0005,0.25,0.35,0.0005,0.03949999999999999,0.0035,0.0045000000000000005
75%,0.00725,0.475,0.4,0.53575,0.44075000000000003,0.20875,0.0705
max,12.9,0.7,0.7,18.7,5.64,10.0,0.796
true_parameter,1.0845,0.3,0.4,0.0,0.0,-1.0,0.0
