,coe_x1x2,alpha,beta,coe_x2,coe_x1,coe_y1,coe_b
count,5.0,5.0,5.0,5.0,5.0,5.0,5.0
mean,162.34494,0.34,0.2,0.00092,0.07339999999999999,-0.008380000000000002,-0.012240000000000001
std,335.6042721042418,0.27018512172212594,0.17320508075688773,0.00047644516998286387,0.15754204200783994,0.00803535935724097,0.028670594692123148
min,0.0007,0.1,0.1,0.0003,0.0012,-0.0222,-0.0635
25%,0.002,0.2,0.1,0.0007,0.0017,-0.0082,0.0
50%,0.046,0.3,0.1,0.0008,0.0029,-0.0057,0.0
75%,50.246,0.3,0.2,0.0014,0.006,-0.0029,0.0001
max,761.43,0.8,0.5,0.0014,0.3552,-0.0029,0.0022
true_parameter,1.0845,0.3,0.4,0.0,0.0,-1.0,0.0
