best_programs,time_used,gen_counts
(((((0.6734 * ((x1 ** 0.1) * (x2 ** 0.1))) + (0.0118 * x2)) + (0.0512 * x1)) - (0.0892 * y1)) + 0.0014),2.8197083473205566,30
(((((0.0004 * ((x1 ** 0.3) * (x2 ** 0.4))) + (0.4333 * x2)) + (0.0 * x1)) - (0.0092 * y1)) + 0.0124),2.3876683712005615,30
