best_programs,time_used,gen_counts
(((((0.0004 * ((x1 ** 0.4) * (x2 ** 0.1))) + (0.0878 * x2)) + (0 * x1)) - (0.6172 * y1)) - 0.0),3.80167293548584,25
(((((0.001 * ((x1 ** 0.9) * (x2 ** 0.1))) + (0.0011 * x2)) + (0.002 * x1)) - (0.0071 * y1)) + 0),1.5803728103637695,22
(((((959.46 * ((x1 ** 0.3) * (x2 ** 0.5))) + (0.0375 * x2)) + (0.0 * x1)) - (0.0052 * y1)) - 0.0037),1.740703821182251,25
(((((0.0246 * ((x1 ** 0.6) * (x2 ** 0.3))) + (0.0 * x2)) + (0.0453 * x1)) - (0.0139 * y1)) - 0.0494),1.7012195587158203,25
(((((0.0294 * ((x1 ** 0.2) * (x2 ** 0.1))) + (0.0073 * x2)) + (0 * x1)) - (0.0007 * y1)) - 0.0864),1.6995980739593506,25
