,coe_x1x2,alpha,beta,coe_x2,coe_x1,coe_y1,coe_b
count,10.0,10.0,10.0,10.0,10.0,10.0,10.0
mean,0.77949,0.3,0.44000000000000006,0.024569999999999998,0.03177000000000001,-0.6447499999999999,0.014049999999999998
std,0.18676394161852786,0.12472191289246472,0.05163977794943222,0.023228624582613582,0.036345595790044954,0.3431551098912042,0.02700795150403755
min,0.4038,0.1,0.4,0.0,0.0,-0.9976,-0.0018
25%,0.661025,0.2,0.4,0.006225,0.00385,-0.9073249999999999,0.0
50%,0.83875,0.3,0.4,0.019200000000000002,0.00755,-0.72905,0.00095
75%,0.9308249999999999,0.4,0.5,0.045875,0.065425,-0.512825,0.006875000000000001
max,0.9673,0.5,0.5,0.0623,0.0946,-0.0099,0.0667
