,coe_x1x2,alpha,beta,coe_x2,coe_x1,coe_y1,coe_b
count,10.0,10.0,10.0,10.0,10.0,10.0,10.0
mean,0.69002,0.24000000000000005,0.39,85.24320000000002,0.0382,-42.21935,0.01971
std,0.2119637484728619,0.11737877907772672,0.15238839267549945,269.09481122303345,0.045421556311709285,132.19784651788856,0.03630596675785156
min,0.3099,0.1,0.2,0.0007,0.0,-418.46,-0.0257
25%,0.5255749999999999,0.125,0.3,0.025475,0.002325,-0.755775,0.000475
50%,0.7349,0.25,0.3,0.04865,0.0078,-0.5195000000000001,0.00375
75%,0.83045,0.3,0.5,0.11337499999999999,0.08845,-0.14482499999999998,0.04044999999999999
max,0.9981,0.4,0.7,851.1,0.0995,-0.0012,0.0896
true_parameter,1.0845,0.3,0.4,0.0,0.0,-1.0,0.0
