,coe_x1x2,alpha,beta,coe_x2,coe_x1,coe_y1,coe_b
count,10.0,10.0,10.0,10.0,10.0,10.0,10.0
mean,0.70172,0.26999999999999996,0.31,0.055279999999999996,4.26698,-0.46032,0.00962
std,0.2221551249815218,0.13374935098492585,0.11005049346146119,0.039326971236883564,13.385609034315753,0.32098142833088233,0.026425820706271353
min,0.1744,0.2,0.1,0.0,0.0,-0.8316,-0.0104
25%,0.6429999999999999,0.2,0.3,0.014875,0.008025000000000001,-0.737625,0.0
50%,0.79335,0.2,0.3,0.07125000000000001,0.03715,-0.4984,0.0049499999999999995
75%,0.8435250000000001,0.27499999999999997,0.37500000000000006,0.0813,0.07055,-0.24380000000000002,0.008025000000000001
max,0.869,0.6,0.5,0.0989,42.363,-0.0008,0.0823
