,coe_x1x2,alpha,beta,coe_x2,coe_x1,coe_y1,coe_b
count,30.0,30.0,30.0,30.0,30.0,30.0,30.0
mean,0.41345666666666664,0.36999999999999994,0.35666666666666663,0.07610999999999998,0.2827633333333334,-16.769706666666668,4.458466666666667
std,0.21650257573260084,0.1704962331467806,0.169549775690744,0.10383940634626543,1.201518189189836,91.05916468980365,23.311979544821178
min,0.0006,0.1,0.1,0.0,0.0,-498.89,-3.7444
25%,0.420375,0.3,0.3,0.006325,0.004225,-0.088425,-0.001725
50%,0.46965,0.3,0.35,0.029400000000000003,0.01805,-0.07189999999999999,0.00345
75%,0.51735,0.5,0.4,0.08365,0.09385000000000002,-0.013175000000000001,0.034775
max,0.9024,0.9,0.8,0.324,6.6299,-0.0015,127.22
true_parameter,1.0845,0.3,0.4,0.0,0.0,-1.0,0.0
